Subject,Class,RelativePower_Below5Hz_Magnitude
1,0,-2.247382402431343
1,0,-2.401791131921566
1,0,-0.5113082348489366
1,0,-0.713827720201199
1,0,0.2421173725360516
1,0,0.2079508921214448
1,0,0.5394363830431039
1,0,1.3658315019688425
1,0,1.4741558059965736
1,0,0.9856687082341268
1,0,0.1493426730154117
1,0,0.3045324973847967
1,0,0.1644940552727637
1,0,0.0088284910884486
1,0,0.80472347671702
1,0,0.9294441858279492
1,0,0.6544736805494901
1,0,0.4767699529890034
1,0,0.6614276358655975
1,0,0.7372804581511477
1,0,0.0462322032662664
1,0,-0.1897333095166964
1,0,-0.0850862596755394
1,0,0.3022535883212747
1,0,0.5183264011539932
1,0,0.2290793891343996
1,0,0.2255155502706473
1,0,-0.1745142720508352
1,0,-0.1102742648092672
1,0,-0.3762822062220253
1,0,-0.6141792397519527
1,0,-0.0214217825810249
1,0,-0.030693871533403
1,0,0.1444926413360615
1,0,0.5101313301035572
1,0,0.2067373148844778
1,0,-0.4544423932453994
1,0,0.4880662530750836
1,0,1.1815665393498835
1,0,1.4450982522676183
1,0,1.525778878555918
1,0,1.6365048113497318
1,0,0.3253382221754386
1,0,0.5241544617698907
1,0,0.052936128751506
1,0,0.1179278131775618
1,0,-0.0592099675235639
1,0,-0.337015168130527
1,0,-0.5439246446758561
1,0,-0.1770527347557873
1,0,0.046725668814264
1,0,0.9325526478323256
1,0,0.1954219327352259
1,0,1.0622983123260563
1,0,1.2216158914743696
1,0,1.2626679214912149
1,0,0.6713981292247104
1,0,1.0222186855246738
1,0,1.5228298097777275
1,0,1.3246460240989764
1,0,1.7823635721774465
1,0,1.6355234914515726
1,0,1.4083842876961188
1,0,0.6694655270213954
1,0,-0.0878298945724448
1,0,0.1167454132941848
1,0,-0.378225362522454
1,0,-0.0540229635907984
1,0,0.941556278208981
1,0,0.133046518069457
1,0,0.0340780462867744
1,0,-0.7994703486726097
1,0,0.1232903230319291
1,0,0.0569599573366452
1,0,-0.1187571023347254
1,0,0.1940976570879624
1,0,0.6079660387437783
1,0,0.6479370098004661
1,0,0.0476443993203247
1,0,0.3199261241782413
1,0,0.6025928751449582
1,0,0.0285364585728809
1,0,0.061007426840548
1,0,0.5605434828470818
1,0,0.5710539231714374
1,0,0.5235875472200433
1,0,0.5417018185623468
1,0,1.295653763140825
1,0,1.3252996191084692
1,0,1.521827904167164
1,0,1.6726013369228976
1,0,1.1430321203627958
1,0,0.8002577444716865
1,0,0.300381259301237
1,0,0.1487609834066207
1,0,0.5470530859268925
1,0,0.766279586676734
1,0,0.5997947708425797
1,0,1.1601649512203676
1,0,1.2526629448546145
1,0,1.45013392793096
1,0,1.922856091133957
1,0,1.965597579996388
1,0,1.482697296987481
1,0,1.17070889932726
1,0,0.4566243566006754
1,0,0.0446203664897964
1,0,-0.2322741290129109
1,0,-0.1157919542564087
1,0,-0.2619979674174796
1,0,-0.3843861535935596
1,0,-0.6483554254403485
1,0,4.824145040343544e-05
1,0,0.1972941081959319
1,0,0.8302871889048614
1,0,1.5206431753088714
1,0,1.716489132467625
1,0,1.4970408433118485
1,0,1.085542232637747
1,0,0.9396163541368256
1,0,0.7181712654138773
1,0,0.6655001471435172
1,0,0.7057625507323458
1,0,1.2382511989029663
1,0,1.3991551365051809
1,0,0.8959787553322928
1,0,0.7432756983304537
1,0,-0.0088579635572698
1,0,-0.3605307162190225
1,0,-0.9378528953273192
1,0,-0.295430199661503
1,0,0.151173402187688
1,0,1.05912543170596
1,0,1.190994331511661
1,0,0.6074881135414006
1,0,0.9815384106686732
1,0,0.4763846264013976
1,0,0.3240436492010932
1,0,0.7334012680811177
1,0,0.4150133760952862
1,0,-0.0981173414383809
1,0,-0.071735896882378
1,0,-0.3759027773333566
1,0,-0.3478261472388601
1,0,-0.6671536402887523
1,0,0.2907315672841449
1,0,0.4108764437637222
1,0,0.4418852877744914
1,0,0.2180241802107538
1,0,0.7536366835934163
1,0,0.8265985269012693
1,0,0.0260767917006829
1,0,0.4349771764765252
1,0,-0.120601621241199
1,0,0.491350432512891
1,0,0.0812958272243501
1,0,-0.3924504832614489
1,0,0.8151727810475589
1,0,0.2093931301151114
1,0,-0.6770317377100832
1,0,0.1105144639454436
1,0,0.4841349468101487
1,0,0.2936084976765969
1,0,0.4356792290533903
1,0,1.100756528845047
1,0,1.0087141093426233
1,0,0.4805561229447224
1,0,0.7382938349579335
1,0,1.0576700962283916
1,0,1.886699467646993
1,0,2.328566854592637
1,0,2.0897979780469904
1,0,2.660714735694837
1,0,0.0052162102395043
1,0,-0.0570946623140774
1,0,0.7841703869664798
1,0,0.3904385205763632
1,0,0.3106168988071375
1,0,1.4260362411520071
1,0,1.0160466884308854
1,0,1.546318662600199
1,0,0.0634750324585694
1,0,1.420351628814856
1,1,-1.9303393778727944
1,1,-0.699614374669219
1,1,-0.7298093648682896
1,1,-1.1317771038543292
1,1,-1.192838729399328
1,1,-1.3281860556297025
1,1,-2.047105725306531
1,1,-2.379694929409472
1,1,-2.5082211005260557
1,1,-2.441266668740776
1,1,-2.3295530368876856
1,1,-2.2039620302355245
1,1,-1.917634530484506
1,1,-2.0521052842579506
1,1,-2.453797864226889
1,1,-2.386115888981033
1,1,-2.1912153419746807
1,1,-1.802644789643392
1,1,-1.6339906288287396
1,1,-1.4210564651763866
1,1,-2.141709260948914
1,1,-2.446986317165555
1,1,-2.2634442773434165
1,1,0.9278031147986348
1,1,1.1457283569911527
1,1,0.7267838503054544
1,1,-0.3931436891407824
1,1,-1.9136900792724592
1,1,-1.3100141342930902
1,1,-0.6321900068590794
1,1,-2.3738550090865425
1,1,-1.9755837481769396
1,1,-1.5617791298441022
1,1,-0.8241558655937997
1,1,0.6234924827563801
1,1,0.7594646242669622
1,1,0.2903087511635348
1,1,0.3588276010453876
1,1,0.1486921253957972
1,1,0.1074873426222686
1,1,-0.757937730084385
1,1,-0.9022310122458485
1,1,0.834679812868127
1,1,-0.0369677396300924
1,1,0.4979807285638554
1,1,-0.7283792194148434
1,1,-0.0214773713510468
1,1,-0.3810015247487244
1,1,-0.2250783414775203
1,1,0.6337360249717697
1,1,1.6734945996384476
1,1,0.944064414201484
1,1,1.222507189619964
1,1,0.6140801512881753
1,1,0.1170128456572083
1,1,-0.0121596528007007
1,1,-0.3699052787147472
1,1,-0.4697595319227696
1,1,0.2322738714405745
1,1,0.2724020395678533
1,1,-0.2148510076849497
1,1,-0.4173343016917277
1,1,-0.3222998766181386
1,1,-0.2720335226072956
1,1,-0.8492660912403801
1,1,-0.344909909419091
1,1,-0.5799470340818051
1,1,0.2585121309763701
1,1,0.4919796202377608
1,1,0.4432747134538036
1,1,0.0843534012662427
1,1,-0.1765402059575354
1,1,-0.0793529028824779
1,1,0.5732638269104053
1,1,1.2709078599587131
1,1,1.0344461853023323
1,1,0.7083273226434499
1,1,0.6017932038833294
1,1,0.3273945414079552
1,1,-0.0835907537780063
1,1,0.441684739258724
1,1,0.37225524540368
1,1,-0.0823263331514495
1,1,0.0391750442089419
1,1,-0.035745025066587
1,1,0.5096900562635536
1,1,0.3502132177137402
1,1,0.6475925931044192
1,1,0.3666009023651626
1,1,-0.031252285036187
1,1,-0.615170467161792
1,1,-0.3027734203206354
1,1,-0.6194712214269715
1,1,0.4497755661674752
1,1,0.5576436586166927
1,1,0.3794768462988488
1,1,0.1934271181053728
1,1,0.4006888546704661
1,1,0.3069649587888726
1,1,0.710158608071784
1,1,0.5518639765342056
1,1,1.1796493231244871
1,1,0.9941687599236492
1,1,0.901227627508509
1,1,0.7783103050308429
1,1,0.8930063277200827
1,1,0.1596835528774055
1,1,0.2978608888558194
1,1,0.1689193118609933
1,1,-0.2337204469086049
1,1,0.2328272513999069
1,1,0.0049461902811255
1,1,0.6211313270383245
1,1,0.4940734054923714
1,1,0.3403475075727791
1,1,1.0206406494418507
1,1,1.6198188843679269
1,1,0.5202649385003484
1,1,-0.2574073914046541
1,1,0.3072928255585341
1,1,0.6259636890663803
1,1,0.664784003574281
1,1,1.0776344643387716
1,1,1.3655172799358437
1,1,1.5197540913617091
1,1,1.6796494889155331
1,1,1.0738661273721022
1,1,1.0366230069795226
1,1,0.4483567473787397
1,1,1.3145698046587502
1,1,1.2120333266890155
1,1,1.893297581585601
1,1,1.418300519565991
1,1,2.015832490183551
1,1,2.186630158203001
1,1,1.6691319454659226
1,1,0.7347109182736404
1,1,1.0101071739742755
1,1,-0.2994892743339987
1,1,-0.1208584453129993
1,1,-0.7078817325802413
1,1,-0.7617025020306244
1,1,-0.844051236953824
1,1,-0.5615639934202682
1,1,-0.7373982947934481
1,1,-0.0062275643806425
1,1,0.9012400555698734
1,1,1.2489337154608482
1,1,1.110375058894305
1,1,1.038534036092929
1,1,0.649329783178962
1,1,0.6798778959081019
1,1,1.1125584360056118
1,1,0.544293326241077
1,1,0.9609838032352584
1,1,1.1646633808336115
1,1,1.5298687643778874
1,1,0.9432459111512616
1,1,0.48905527662633
1,1,-0.356885876617523
1,1,-0.2941663392482921
1,1,-0.6494382362441813
1,1,0.4914608676521979
1,1,1.3107928100072177
1,1,1.6098988315990408
1,1,0.6298566056107374
1,1,-0.0987776136154437
1,1,0.1040954524378716
1,1,-0.926318387635104
1,1,-1.484949236893229
1,1,-0.5048251152561085
1,1,0.2419650694364855
1,1,0.4846894092753874
1,1,0.7891561225252133
1,1,0.3907053182855895
1,1,0.823078401007247
1,1,0.9501778718127462
1,1,0.9428183136882524
1,1,0.4127151653467088
1,1,0.8153597354540619
1,1,0.3842615403149926
1,1,-0.2027810864462344
1,1,1.1894830788127426
1,1,0.5236225737399556
1,1,-0.9124992553039908
1,1,-0.7796067202095592
1,1,-1.0700675852271986
1,1,-0.1889977411974835
1,1,1.2680453498158195
1,1,1.0093521594252357
1,1,1.912572510855756
1,1,1.6794544725440623
1,1,1.19396172778196
1,1,0.8531912996999845
1,1,0.6864092389251113
1,1,0.5565436718729577
1,1,-0.4948196268697564
1,1,-1.3116995921699846
1,1,-0.984277198564854
1,1,-0.8470791641688593
1,1,0.5247421256742202
1,1,0.9694179500007954
1,1,1.1402736575227574
1,1,0.3173923225099782
1,1,-1.4040613514012257
1,1,-2.503473417272076
1,1,-2.362231426502739
1,1,-2.397611311027146
1,1,-2.2933816982814736
1,1,-2.4687048402529164
1,1,-2.25441903539627
1,1,-2.2514774279976546
1,1,-1.9916520020493025
1,1,-2.065455074259781
1,1,-0.2886091148635072
1,1,0.8029888116775963
1,1,0.5531586776796541
1,1,0.4072802205725928
1,1,0.8115806806233395
1,1,1.0204142451837437
1,1,1.6099530436917917
1,1,1.4300539140249198
1,1,1.2305281665243204
1,1,0.2620934167668922
1,1,-0.1215765500850678
1,1,-0.2323035000117844
1,1,-0.0955264876912288
1,1,0.1641673730854642
1,1,-0.1591211265848439
1,1,0.1959073606814806
1,1,0.5927892118583604
1,1,1.5420369469156952
1,1,0.9345537457133336
1,1,-0.3874294252961701
1,1,-1.4792704073063774
1,1,-1.5806781358240694
1,1,-1.5861412398773485
1,1,-1.461988722362347
1,1,-0.2782035828951584
1,1,0.0909086967746337
1,1,-2.354223565638204
1,1,-2.763225323250123
1,1,-2.612056557092143
1,1,-2.451969503412612
1,1,-1.4940557199747275
1,1,-0.2725412500757664
1,1,0.4107109522818409
1,1,-0.1718608032073443
1,1,0.2099748039767839
1,1,0.5656770395298516
1,1,-0.2756533590433803
1,1,-0.4824281750556424
1,1,-0.4226449478626917
1,1,-0.7995265168501438
1,1,-1.36912156900658
1,1,-0.4221092730443967
1,1,0.3270587289469958
1,1,-0.0929710123348202
1,1,0.391110155529915
1,1,0.2208524126128321
1,1,0.3448372774993024
1,1,-0.343366833200711
1,1,-0.677961129344244
1,1,-0.5951016326961692
1,1,-1.4017301221621306
1,1,-1.0695582484241817
1,1,-0.9897109368054604
1,1,-1.1601936747932555
1,1,-1.5516978607905982
1,1,-0.3841011164249136
1,1,0.2876849125538824
1,1,0.6742345241854104
1,1,0.8704982222480752
1,1,1.1768731417478986
1,1,1.3413651457113054
1,1,0.9564881366685593
1,1,0.333379901124665
1,1,0.2584461113702042
1,1,0.2968913378159372
1,1,-0.5351574751226553
1,1,-0.2520467593481509
1,1,0.2617677881658533
1,1,-0.0149930737763924
1,1,-0.5849133935412987
1,1,-0.6486074275376889
1,1,-0.621864284941376
1,1,-0.6813836208465887
1,1,-0.690536155473514
1,1,-0.5669838814975937
1,1,-0.8110960015614632
1,1,0.17634213579837
1,1,0.3045434368531519
1,1,0.6372479221693027
1,1,0.6627030413577693
1,1,0.1693782390071463
1,1,-1.041249328270616
1,1,-1.6306893055893306
1,1,-1.4389774736769052
1,1,-1.5644900127871058
1,1,-0.9518267334556684
1,1,-0.6746675704139629
1,1,-0.3793613240726004
1,1,-0.4601975863874454
1,1,-0.6104987679336784
1,1,-0.6643516251310356
1,1,-0.5568679094657758
1,1,-1.0033377246116415
1,1,0.0129848907272842
1,1,0.0360261206841374
1,1,-0.2672462801431771
1,1,0.2803542898487927
1,1,0.1895382758167045
1,1,0.1802399365360085
1,1,-0.4759147868218465
1,1,0.0501273817631914
1,1,-0.0073204925187288
1,1,-0.197566943448422
1,1,-0.2496581750092423
1,1,-0.3356571332772775
1,1,-0.6168009887470957
1,1,0.0109764486066927
1,1,-0.15104471851769
1,1,0.0086210708283946
1,1,0.131204573226693
1,1,0.1351490786536832
1,1,0.1327152888408844
1,1,0.3684764341642013
1,1,0.7933250814626644
1,1,0.4143791577635029
1,1,0.4591194397175537
1,1,0.401722972457677
1,1,0.539012345363184
1,1,0.3715361933066358
1,1,0.1195562535372294
1,1,0.3487991963378808
1,1,0.5449617973521227
1,1,-0.3541199702228786
1,1,-0.0468004720041829
1,1,-1.1452109532359818
1,1,-0.318255933325215
1,1,-0.1534919990717751
1,1,-0.4983266000570938
1,1,-1.015317139967101
1,1,-1.218339445723177
1,1,-1.1567046933186649
1,1,-0.8513489673326263
1,1,-1.532201991870181
1,1,-1.3845443290520292
1,1,-0.320775700097285
1,1,0.5459054754853381
1,1,0.3983026987314512
1,1,0.3264481028574331
1,1,0.3052036214700447
1,1,-0.1268305347126754
1,1,0.0158995854480792
1,1,0.1860994309750208
1,1,0.476410780298679
1,1,0.149521378770854
1,1,0.8756294363765464
1,1,0.995133149059474
1,1,0.6586320566350111
1,1,0.8525977763643662
1,1,0.0310765387102178
1,1,-0.2924765386737117
1,1,-0.60046497055115
1,1,0.0415289770637175
1,1,0.2796761125377839
1,1,0.8287378466180312
1,1,0.1147104651990482
1,1,0.4661144953085667
1,1,0.3230158477302184
1,1,0.1058346792130106
1,1,0.1643913011137277
1,1,-0.2135658103950866
1,1,-0.6138738976033468
1,1,-0.0536941247844915
1,1,-0.1290954197796877
1,1,-0.2621679650497235
1,1,-0.3825814137370262
1,1,-0.4430014426256795
1,1,-0.084147482143162
1,1,0.7815923874530903
1,1,0.8933278881188615
1,1,0.699465355165552
1,1,0.0634025725876054
1,1,0.4013657892197882
1,1,0.6828868930909807
1,1,0.1910399356415483
1,1,0.1151632566047582
1,1,0.665942108482762
1,1,1.0921827850088477
1,1,0.728286887707272
1,1,0.7095106451297337
1,1,0.190427434753283
1,1,-0.0403116968913038
1,1,-0.2376291639591376
1,1,0.0328034072297176
1,1,-0.1749692642540328
1,1,-0.0956064405285044
1,1,-0.1280846315249847
1,1,-0.7603194022745954
1,1,-0.6978557927342169
1,1,-0.390249840738165
1,1,-0.7694369481930766
1,1,-0.805120847526006
1,1,-0.1212523670126031
1,1,1.1358595494819177
1,1,0.925820562109652
1,1,0.6569315884883096
1,1,0.7155453698532189
1,1,0.6135836494373264
1,1,-0.4894791622232215
1,1,0.3534077225010196
1,1,0.2718206553258595
1,1,-0.4569167199482834
1,1,-0.2380722416897826
1,1,0.0939922550740315
1,1,-0.2962348218113815
1,1,-0.5524194186402573
1,1,-0.1581610863934849
1,1,-0.3625781319530843
1,1,-1.0491190134848052
1,1,-0.4738888048719508
1,1,-0.1720839263299794
1,1,0.2572843827571041
1,1,0.4059313310086911
1,1,0.2033586325931708
1,1,-0.220835932094258
1,1,0.2589568863098336
1,1,-0.1025697637896959
1,1,-0.2763160710501963
1,1,1.0907780728022989
1,1,-0.0861878264258517
1,1,0.2046431522717937
1,1,-0.3362512025377721
1,1,-0.602911207223949
1,1,1.1700706029696082
1,1,2.000343810884007
1,1,2.257287090981365
1,1,1.9774363153361052
1,1,0.8560426713962203
1,1,0.0999090448654558
1,1,-0.0008043360029673
1,1,0.7847714042447016
1,1,1.0546929561290102
1,1,0.9734557385320534
1,1,0.4119887142288789
1,1,0.9068831243915156
1,1,1.0017459583879804
1,1,0.6209349044717397
1,1,0.7317766106152465
1,1,0.765625352492147
1,1,-0.0160975756818329
1,1,0.0825584575950958
1,1,0.2566622748077443
1,1,-0.0666234439369586
1,1,-0.797928860236253
1,1,-1.2786900937398635
1,1,-1.85682338377652
1,1,-1.3252986053254263
1,1,-1.2003271452337878
1,1,0.117884694594771
1,1,1.1667033682263608
1,1,0.6674355743617466
1,1,0.3068690828396082
1,1,0.3709249916420007
1,1,0.1519015747833234
1,1,-0.34413151909596
1,1,-0.5131014135681727
2,0,-0.7365645180816195
2,0,0.3914406087097782
2,0,0.5291623640809099
2,0,-0.4342971715470741
2,0,0.2382545183334384
2,0,-0.1570199335975785
2,0,-0.2013456780344661
2,0,0.216910786950725
2,0,0.2120836009827759
2,0,0.5322447265018252
2,0,0.1095800397295602
2,0,0.3469524745728881
2,0,-0.3956073487188826
2,0,-0.7484244543070839
2,0,-1.4218392536985098
2,0,-1.163223363681941
2,0,-1.3654076110202502
2,0,-1.3558999527232092
2,0,-1.3415847795159486
2,0,-1.2046414983646156
2,0,-0.9819240284772668
2,0,-0.8948565114136818
2,0,-1.0102255383290042
2,0,-0.5254237314210316
2,0,-0.475525840112152
2,0,-0.2788657339673372
2,0,0.0058087602431343
2,0,0.907587563384379
2,0,0.5844192168123482
2,0,0.3245323783340337
2,0,0.5698997528427385
2,0,-1.5050633754461944
2,0,-1.7515469466057911
2,0,-0.8601762185177274
2,0,-1.3680595821988577
2,0,-1.1004529571992947
2,0,-1.1436157469180956
2,0,-0.997407620118578
2,0,-1.4413836711815466
2,0,-1.367625814667075
2,0,-1.2521783520334733
2,0,-0.8369605118546253
2,0,-0.5851726945830643
2,0,-0.2333371135906046
2,0,0.520014837645414
2,0,0.6025649708490951
2,0,0.7208285672512206
2,0,0.6170808903650596
2,0,-0.4054977951311355
2,0,-0.4242034198652777
2,0,-0.2768698857319652
2,0,-0.8879032301841688
2,0,-1.3501963259803933
2,0,-1.0562099275659604
2,0,-0.9868964321700208
2,0,-1.5494182865715296
2,0,-1.0366724604208677
2,0,-1.157666690779206
2,0,-1.8773297398908315
2,0,-2.166901389562426
2,0,-1.769065755401869
2,0,-1.809807378657043
2,0,-1.7515877761126657
2,0,-1.0684417196944662
2,0,-0.8637233136221356
2,0,-1.5837295534085312
2,0,-1.5406908983299024
2,0,-0.7044572474588993
2,0,-0.5804617252983294
2,0,-0.7437146955294806
2,0,-0.7116754453715901
2,0,-0.3151088358989163
2,0,-1.5270678498812833
2,0,-1.705415856151618
2,0,-1.5215956737575411
2,0,-0.9830404584846648
2,0,-0.8803604502033198
2,0,-0.4744584548001589
2,0,0.0034041702961012
2,0,0.2255886877012996
2,0,0.0500880572156353
2,0,-0.0399376380595473
2,0,0.3165744413726338
2,0,0.3655676363007789
2,0,-0.1770620128135912
2,0,0.0885239806772987
2,0,0.4715205552779117
2,0,0.4386377652132843
2,0,0.3737390015467035
2,0,0.3519298162096135
2,0,0.7590113194694952
2,0,0.3578205958313988
2,0,0.0139500301185177
2,0,0.4111220039836551
2,0,1.092553980078876
2,0,0.9089256341410094
2,0,0.7507808972968943
2,0,0.8772804649242485
2,0,0.5424214549593459
2,0,0.1964737834847703
2,0,-0.0292058345134736
2,0,-0.190209909353931
2,0,-0.3030961329636136
2,0,0.2240698341926465
2,0,-0.1454607752578673
2,0,-0.4394128480173355
2,0,-0.1937842562025769
2,0,-0.2882650121428456
2,0,-0.55789934702997
2,0,-0.9233879309969726
2,0,-1.3602425296499503
2,0,-0.9974150011220302
2,0,-1.2955623056067431
2,0,-1.4311882840258714
2,0,-0.99224982236149
2,0,-0.7033368904830238
2,0,-1.7353620881927485
2,0,-1.8733196376011425
2,0,1.168686494638151
2,0,1.3235793415399164
2,0,2.0633857003500378
2,0,2.212666987030805
2,0,0.6346678035813962
2,0,0.5834761359118346
2,0,1.195928854898795
2,0,1.6836516013277272
2,0,1.430515224576426
2,0,0.951505709910917
2,0,0.3852084314087575
2,0,0.9422791550391252
2,0,1.0683798034688476
2,0,1.6599008915154705
2,0,1.5098321688824046
2,0,1.714539408865556
2,0,1.859924711589859
2,0,1.6753195859558898
2,0,2.274497715848434
2,0,2.401177949075554
2,0,1.649855365062829
2,0,1.25830534586797
2,0,-1.0075142566969009
2,0,-0.9159123203669984
2,0,-0.8117576715257991
2,0,-1.5435905521882682
2,0,-1.027669090765135
2,0,-0.7062595201466993
2,0,1.245520264340362
2,0,1.3220555011620172
2,0,0.8712938188662834
2,0,0.3802421590599158
2,1,0.1230663842279741
2,1,0.9329958751917946
2,1,-0.0175801104110432
2,1,-0.8069290562240806
2,1,0.333254480380712
2,1,0.7257281573217544
2,1,-0.9278587071943388
2,1,-0.1550593973440846
2,1,-0.9013609613369504
2,1,-2.2990029505654834
2,1,-2.8196395121745845
2,1,-2.50512150071305
2,1,-2.2134876518213047
2,1,-2.009765394640329
2,1,-1.366068322671023
2,1,-0.8078742030291073
2,1,-1.2521105203277314
2,1,-0.2826496418131369
2,1,-0.2377081927348308
2,1,1.5901413831772588
2,1,1.1454304237844608
2,1,-0.2650563103731594
2,1,-2.199029040236223
2,1,-1.9138107832427549
2,1,-1.6597181222209656
2,1,-1.1316654962494377
2,1,-0.3557787748290856
2,1,0.0162301552677078
2,1,-0.6436010501696666
2,1,-1.4761483611062027
2,1,-2.749678901989021
2,1,0.1332157751481667
2,1,1.021150307144119
2,1,1.72378350219806
2,1,1.4596001192550303
2,1,-0.1740036149962165
2,1,0.478211525350921
2,1,-0.217846556214302
2,1,0.3575270643263862
2,1,0.0813795377104413
2,1,0.3592055629988473
2,1,0.0680610289873195
2,1,-0.1350780397262322
2,1,-0.4706835285240801
2,1,-0.7575411334336656
2,1,-0.69436958605607
2,1,-0.2134153275867558
2,1,-0.6363756789019883
2,1,-1.4332482376674929
2,1,-1.3818782165376693
2,1,-0.677433492194459
2,1,-0.4567773773099458
2,1,-0.311319843715627
2,1,-0.2460965543984902
2,1,-0.2280052014722733
2,1,0.2031270543006401
2,1,0.5014433929515217
2,1,0.142739964920992
2,1,0.2192057644912113
2,1,-0.0617635281614176
2,1,0.0427363648803242
2,1,-0.6837025237801392
2,1,-0.3043113636166224
2,1,0.0798983437730908
2,1,-0.0297187736156195
2,1,-0.1914760435505819
2,1,0.0832932891115956
2,1,-0.051752069538068
2,1,-0.0981052822817679
2,1,-0.5602926114637095
2,1,-0.4638532616527279
2,1,-0.6900134702714193
2,1,-0.8802265908846305
2,1,-1.127309700826193
2,1,-1.0035650506412637
2,1,-1.4135655244424603
2,1,-1.2931204840075587
2,1,-1.2413636222536015
2,1,-1.015928246122175
2,1,-0.7968499637004177
2,1,-0.917446312612516
2,1,-0.2500151683793498
2,1,-0.8101488925134405
2,1,-1.263003437492337
2,1,-1.3265695255401615
2,1,-1.115350924579723
2,1,-0.483831505401648
2,1,-0.7193448845581474
2,1,-0.6096907714299513
2,1,-0.9121633727203876
2,1,-1.3533408815890369
2,1,-1.6477713951334525
2,1,-1.564806693678461
2,1,-1.650484507326475
2,1,-1.913539910553805
2,1,-1.93910419933432
2,1,-2.378174289586011
2,1,-2.126075482089519
2,1,-1.5208573022582128
2,1,-1.0083612897612355
2,1,0.4046967818119272
2,1,0.6872363511779649
2,1,0.7422812442437052
2,1,0.9384097287057188
2,1,0.4185668625318429
2,1,-0.1665126130725676
2,1,0.0645798598238727
2,1,0.4702663467797434
2,1,0.6572887052854146
2,1,0.1225022648876466
2,1,-0.2109061730823573
2,1,-0.0565193635400069
2,1,-0.8122391943310069
2,1,-0.5682814765619839
2,1,-0.4090699697007892
2,1,-0.0434104959502948
2,1,0.2949806272205954
2,1,0.6889379815028487
2,1,0.8758287703307989
2,1,1.013035144622402
2,1,0.6280414341434054
2,1,0.3618434336809302
2,1,0.1656831418035666
2,1,-0.9967024787994024
2,1,-0.9179989491037612
2,1,-0.2537701248151028
2,1,0.4880380408768631
2,1,0.5584222004693843
2,1,1.0906890917303234
2,1,1.3319156064362845
2,1,1.2402512375774073
2,1,0.5374392983599018
2,1,-0.0458053202383248
2,1,-0.4003046575905748
2,1,-0.7225597832871448
2,1,-1.530182666380547
2,1,-1.0704828166423423
2,1,-0.4825219976639925
2,1,-0.731491072043908
2,1,-0.91211255045087
2,1,-0.5469989531556934
2,1,-0.3094634658916195
2,1,-1.0077637340698244
2,1,-0.8340582630522836
2,1,-0.1700241799388006
2,1,-0.3644866040588252
2,1,-0.7126046113026077
2,1,-1.02830655452541
2,1,-0.5625338627758706
2,1,-0.89552464852845
2,1,-0.8688839552267152
2,1,-0.082796622341811
2,1,0.4040882713698234
2,1,0.6376871572847901
2,1,0.4736561794466082
2,1,0.0550226427786628
2,1,0.020231563726209
2,1,-0.1890593668321213
2,1,-0.8930796869970221
2,1,-1.372031858287893
2,1,-1.2053424922056637
2,1,-2.0634860148686363
2,1,-1.926256352251242
2,1,-1.903624945226608
2,1,-1.4072323221267418
2,1,-1.316146789473248
2,1,-1.1078953498596795
2,1,-0.5762276782065187
2,1,-0.2660862884316838
2,1,-0.7348840694102783
2,1,-0.9158175179859724
2,1,-0.5472469216775349
2,1,-0.2076197502226714
2,1,0.0801369701161837
2,1,-0.3169583896380038
2,1,-0.0141078965308209
2,1,0.3420257114600635
2,1,-0.0267530896254699
2,1,-0.2110338129154015
2,1,0.1670146141008633
2,1,-0.3936637475951549
2,1,-1.0448374636390974
2,1,-0.828465056962246
2,1,-0.8205808436414924
2,1,-0.3769707389400667
2,1,-0.7398903465760618
2,1,-0.8815884758493371
2,1,-0.4739125487368328
2,1,-0.6884541397402113
2,1,-0.4583427503241338
2,1,-0.728903264766942
2,1,-0.9470163989976668
2,1,-0.3925794129008161
2,1,-0.8926931693553547
2,1,-1.0643723411111206
2,1,-1.069949627405537
2,1,-0.7395933552961272
2,1,-0.7401459853091416
2,1,-1.0538685475904417
2,1,-0.91074322095305
2,1,-1.146429793187012
2,1,-1.0394689928306828
2,1,-0.6352933977982755
2,1,-1.085764474610808
2,1,-1.20163429831994
2,1,-1.947340504382677
2,1,-1.876564698865074
2,1,-1.409336073097313
2,1,-1.217807154008974
2,1,-1.0977299478990097
2,1,-0.923984047397006
2,1,-0.6308818575655373
2,1,-0.8207459238073109
2,1,-0.5199768163160847
2,1,-0.6449997359817687
2,1,-0.2904399609129681
2,1,-0.5395481640260849
2,1,-0.8352863295796006
2,1,-0.7348266165009167
2,1,-0.4079575905913019
2,1,-0.5479772475546404
2,1,-0.9089784783497816
2,1,-0.6267640689605943
2,1,-0.3152301418297338
2,1,-0.6576324704900625
2,1,-0.6825949608039469
2,1,-0.7162546377914638
2,1,-1.025041951742435
2,1,-1.164351488580562
2,1,-1.2114335380289136
2,1,-1.1673137388800372
2,1,-1.2221790961042216
2,1,-1.6497810324143902
2,1,-1.5944430610910354
2,1,-0.7645594601865404
2,1,-0.6546224465440775
2,1,-0.7339494132419951
2,1,-0.0816314892846696
2,1,0.1357692046454114
2,1,0.0001792683512005
2,1,-0.6264292481265612
2,1,-1.139278180303386
2,1,-0.91531911482119
2,1,-1.9083942118045767
2,1,-2.059690764329123
2,1,-1.820418536026115
2,1,-1.532715345265929
2,1,-0.7288406160788741
2,1,-0.605428414768654
2,1,-0.3903159456775243
2,1,-0.8093366637131554
2,1,-1.2181502695378204
2,1,-1.541645703392309
2,1,-1.6018767331434498
2,1,-1.7606237377528562
2,1,-1.841904830239575
2,1,-2.2099718489946203
2,1,-1.3466694732337097
2,1,0.0276841580832357
2,1,0.2201390869736224
2,1,0.3688840392185496
2,1,0.5080219668701665
2,1,-0.0342641050579509
2,1,-1.191258300262216
2,1,-1.3557992440986268
2,1,-1.0495386196534668
2,1,-0.2725598175811656
2,1,-0.2126826566783955
2,1,0.5029882718129653
2,1,0.6761656838807979
2,1,1.0964737210259787
2,1,1.5052057110032064
2,1,1.833209961291374
2,1,1.4242162811444692
2,1,0.52484343348878
2,1,-0.2878619765262182
2,1,0.3417810688560044
2,1,-0.4822605640602144
2,1,0.3743591505430657
2,1,-1.606323127972087
2,1,-1.611386055523586
2,1,-1.1255136998982092
2,1,-0.9563959492284246
2,1,-0.5184890794335207
2,1,-0.2354986208494364
2,1,0.5653956446317315
2,1,0.8521493446606216
2,1,1.3470127376843797
2,1,1.4799249215658894
2,1,0.3186906738281344
2,1,1.7093710025034143
2,1,1.732763831866678
2,1,1.2732985373710872
2,1,0.8055541134736937
2,1,-0.2716447790968785
2,1,-1.0227326446769758
2,1,0.0697740769463543
3,0,-1.5651513189507171
3,0,-1.1406079644133489
3,0,-1.4431990856425352
3,0,-1.2723931289498638
3,0,0.1587236654053638
3,0,1.2352414835533212
3,0,0.613527328721527
3,0,0.5357347290619853
3,0,0.2512064238244598
3,0,0.5299249136240589
3,0,-0.7681850285198577
3,0,-1.7224070425120892
3,0,-1.3783853554621717
3,0,-0.7708154742840373
3,0,0.6356274360244583
3,0,0.7685738946647792
3,0,1.0360119810558783
3,0,0.8527874583108925
3,0,-0.5298794188554788
3,0,-0.7097938640385992
3,0,-0.7182377529316157
3,0,-0.6555104952913509
3,0,0.1745426953695061
3,0,0.8103712036619637
3,0,0.9449553218983164
3,0,1.2832711044885547
3,0,1.5727663989126082
3,0,1.3934639336118235
3,0,0.5549401431001391
3,0,1.2041208412224151
3,0,0.9470221049472478
3,0,1.0575560450824868
3,0,0.3226262455185163
3,0,0.1292764267694786
3,0,-0.259793362408989
3,0,-0.8629852032815855
3,0,-0.9000132032653646
3,0,-0.4919400599449235
3,0,-0.7204839819407968
3,0,-0.4621647093567061
3,0,-0.2487583548059401
3,0,0.2109685487865736
3,0,0.9057729122697477
3,0,1.3980235633819078
3,0,0.8559288861844936
3,0,0.0754166075081442
3,0,0.5214987881609084
3,0,1.405090035775942
3,0,1.2916706698005704
3,0,1.878307203775052
3,0,2.222715803959073
3,0,1.2603151029708144
3,0,0.004158060453786
3,0,1.184855585529816
3,0,2.043355703255361
3,0,1.948573494557657
3,0,1.5824114959237348
3,0,1.890730978241336
3,0,1.3144005398709768
3,0,0.2012614292353279
3,0,0.588247925945939
3,0,0.1884467571260499
3,0,-0.1899789823951646
3,0,-0.6145247578243209
3,0,-0.365181901573473
3,0,0.0942550837394772
3,0,-0.2133167015577116
3,0,-0.0777503857454738
3,0,-0.0900215592469959
3,0,-0.4428995028076821
3,0,-0.4934568965327298
3,0,0.3396945112508711
3,0,0.5613333445010175
3,0,0.202646502662004
3,0,0.5619872251823521
3,0,0.0268434612831547
3,0,-0.4525849749030033
3,0,0.0265580948682427
3,0,-0.1248402036851831
3,0,-0.0615077095834295
3,0,-0.9204615986380638
3,0,-1.5926835314915504
3,0,-1.434119808106867
3,0,-0.986424083499068
3,0,-0.675703877929169
3,0,-0.2586075136744859
3,0,0.5108960336400562
3,0,1.250639881165613
3,0,1.676414325181643
3,0,1.7798798782286738
3,0,1.289239611707507
3,0,1.115069634112385
3,0,0.6857497483551953
3,0,0.1929232157277156
3,0,-0.1085754674023847
3,0,0.6299710699718579
3,0,0.6341424807884957
3,0,0.3001651140551137
3,0,0.312450299293684
3,0,1.0482198182155045
3,0,0.8974571740773805
3,0,0.8750466383232021
3,0,0.5334743196819874
3,0,1.603964173879347
3,0,1.384980734095513
3,0,1.6329368347928046
3,0,2.224683849866151
3,0,1.9812689441819968
3,0,1.824639235424879
3,0,0.9538809708763304
3,0,1.314245411847725
3,0,0.9878326432245592
3,0,1.0501892681327565
3,0,1.0217438533218213
3,0,1.7444688492318423
3,0,2.249296787588276
3,0,2.026653808334284
3,0,2.242648286229527
3,0,2.4417993487147287
3,0,2.108911410848774
3,0,1.8990420906371144
3,0,1.7627166091564663
3,0,1.2401328318106246
3,0,0.9332083693581332
3,0,0.9335190525809166
3,0,0.3837380165150719
3,0,0.3337938145663593
3,0,0.0776064115991663
3,0,-0.3581782724776445
3,0,0.3783206119560635
3,0,0.7970673652768632
3,0,1.3386022761330876
3,0,0.9721283144385828
3,0,1.1569870086277014
3,0,1.0255543237340008
3,0,1.2079123099627418
3,0,0.7189480215059123
3,0,1.0920621201326854
3,0,0.9190808308640382
3,0,0.8757245300628437
3,0,-0.2308635420123373
3,0,-0.5351110418819344
3,0,-0.42666530149423
3,0,0.5023104420021254
3,1,-0.2173560135739282
3,1,0.3175196192072191
3,1,0.0084888540443864
3,1,-1.42148275434702
3,1,-2.144914908799296
3,1,0.2060229559957823
3,1,0.759910101251749
3,1,0.2181101972380499
3,1,-1.0565695099007082
3,1,-1.2856066365061938
3,1,-1.2614989811555295
3,1,-1.7954919965160312
3,1,-2.4991704627735687
3,1,-2.434854937271445
3,1,-1.4246560314038366
3,1,-0.2677459485397677
3,1,0.7303074079987292
3,1,1.041699049883741
3,1,0.5843047833122954
3,1,-0.9638749564354696
3,1,-1.157376331651956
3,1,-0.2485481182551681
3,1,0.1069722550933244
3,1,-0.2629952501113645
3,1,0.2186888326622205
3,1,-0.5208464033166236
3,1,-0.5857777532595508
3,1,-0.6549925883580364
3,1,0.3097519139547175
3,1,-0.1240463133925463
3,1,0.5500969349748253
3,1,0.7224341805893731
3,1,0.1820351715036733
3,1,-0.7803192955898752
3,1,-0.52795856278588
3,1,-0.8877053274124318
3,1,-1.1802806553062417
3,1,-0.1963481296636833
3,1,0.8517195050000091
3,1,0.6371679968618347
3,1,1.1158980728543186
3,1,1.0875100807606553
3,1,0.7557517608542533
3,1,-0.1627851100790544
3,1,-0.5857820445868559
3,1,-0.9439953077187287
3,1,-2.0756799629866505
3,1,-0.8781137357929438
3,1,0.0063359126274321
3,1,0.4987283160095367
3,1,0.7735201051951361
3,1,0.8942299927805459
3,1,0.618748280425191
3,1,0.8655034724092379
3,1,0.5661617159925189
3,1,0.6651794218704857
3,1,0.3046694829664559
3,1,1.2467813725876342
3,1,1.1082405621354852
3,1,0.9838728708144188
3,1,0.5690249337490885
3,1,0.1504730750970508
3,1,0.63120917334352
3,1,1.1388384202254176
3,1,0.6479650725854408
3,1,0.8392359550308739
3,1,0.5035453852261954
3,1,1.212860073019719
3,1,0.6817780195616372
3,1,1.2428514977192684
3,1,1.2009424129206567
3,1,0.7401839596644149
3,1,-0.0580164200514247
3,1,0.5107036686551669
3,1,0.6034088821772943
3,1,0.6021686583440002
3,1,1.2248594072070205
3,1,0.7590627259378262
3,1,0.915074980185758
3,1,0.6847386488260648
3,1,-0.0712752474633303
3,1,0.2212074969446241
3,1,1.188758038717747
3,1,1.0843994046156409
3,1,1.475398241747417
3,1,1.7912298936761653
3,1,0.8438931566945905
3,1,-0.0715093990655651
3,1,-0.7694769802659192
3,1,-0.5621701899122892
3,1,0.156200841778008
3,1,0.1056217740560261
3,1,0.7676304021219625
3,1,0.858062551472049
3,1,0.4749800084307027
3,1,0.1478316270084159
3,1,0.0617851096501774
3,1,0.0823916364066174
3,1,-0.0734761499962806
3,1,0.7404122933693316
3,1,1.0361357471930792
3,1,1.0022188109376815
3,1,0.0926835028234803
3,1,0.1922641277709659
3,1,0.1761651390763447
3,1,-0.3443661589684543
3,1,-0.4518611357900299
3,1,-1.7084723135882278
3,1,-1.7701357365932586
3,1,-0.6958859656457873
3,1,-0.3439254907425427
3,1,0.4524274951331312
3,1,0.6879683479523706
3,1,0.8922597175258753
3,1,0.6850766876709007
3,1,0.4375879576312962
3,1,0.0820873445859186
3,1,1.2587764465894031
3,1,1.285389645522117
3,1,1.2019667463431738
3,1,1.5595521272172188
3,1,1.8118209186356664
3,1,0.843126818188287
3,1,-0.5217401435882466
3,1,-0.1270284864854471
3,1,-0.7329197557227726
3,1,0.0434911196736694
3,1,0.6722362880518625
3,1,0.8147721785229597
3,1,0.5856788316750006
3,1,-0.2160976688291743
3,1,-1.8477591580636743
3,1,-1.5108184908501354
3,1,-0.9263667370915052
3,1,-1.56950483054366
3,1,-1.1234476524647254
3,1,-0.4889763131116014
3,1,-0.7208687510813814
3,1,-0.1645140458781972
3,1,0.3281837505149645
3,1,0.5983622807211072
3,1,1.933982942966912
3,1,0.9813112093485298
3,1,-0.182264130843572
3,1,0.5716717764010726
3,1,0.6422894479626681
3,1,1.532238015134762
3,1,2.050848493897325
3,1,1.5335630428870728
3,1,1.3297841917378883
3,1,1.5086168290560071
3,1,1.3842485388387291
3,1,1.6416339135385132
3,1,1.7292460249632775
3,1,1.7624675090329631
3,1,1.880135412915609
3,1,1.8308460169174048
3,1,1.3729527170478886
3,1,0.6312549650433331
3,1,0.0290178376864271
3,1,0.8523072162631832
3,1,-0.1485113789976816
3,1,0.0048895768975069
3,1,0.5592061897328318
3,1,0.0993399077770069
3,1,-0.0883211797400036
3,1,-0.2032693029739461
4,0,-0.614176312774024
4,0,-0.4200212270542914
4,0,-0.1954618133701257
4,0,0.5318592574077182
4,0,0.5777151473752736
4,0,0.118459113844639
4,0,0.332895108527651
4,0,0.1952682058478901
4,0,0.520905832774446
4,0,0.0244735772991639
4,0,0.5860494370880914
4,0,0.3294347915686639
4,0,0.4313282787884517
4,0,0.6762842352464425
4,0,0.487870787573194
4,0,0.1840562444221219
4,0,1.4676191231498907
4,0,1.1288801452374635
4,0,2.197092102421484
4,0,2.6080367422892423
4,0,2.6613082151134457
4,0,2.4506779983780493
4,0,1.0431905318450807
4,0,-0.2784245470173045
4,0,-0.4177522673555754
4,0,-0.7141432337588408
4,0,0.0808770849198708
4,0,0.8827158971830771
4,0,0.7524123389741845
4,0,0.4885357770138646
4,0,0.9229528720451068
4,0,0.4411846301582214
4,0,0.026342499158973
4,0,0.7425859203570931
4,0,1.8724582044515368
4,0,2.2338048738546563
4,0,1.7862890691855011
4,0,1.2573682224441003
4,1,-0.6558984794567672
4,1,-0.8771002044489499
4,1,0.5128928484255418
4,1,0.2683866349904573
4,1,0.7793211714233597
4,1,0.9422340534677724
4,1,-0.3147735231881672
4,1,-0.3528510108900793
4,1,0.8926215686887777
4,1,-0.537702042149491
4,1,-1.304564229571694
4,1,-1.4232604449943551
4,1,-1.7395758107359545
4,1,-2.08077519060854
4,1,-0.73219049042346
4,1,-2.556235732455556
4,1,-2.2776860247374007
4,1,-1.501193978282796
4,1,-1.3854819449399949
4,1,-2.08467682469869
4,1,-2.4844522568870357
4,1,-2.4180778332636
4,1,-1.9647306701906224
4,1,-0.8822979466994213
4,1,0.2491286456313807
4,1,0.3381614256369684
4,1,0.4538039938787343
4,1,1.14085596027866
4,1,0.2264228939993104
4,1,0.4862913795151476
4,1,0.4443202100092848
4,1,0.7740605834450389
4,1,0.4229826399178895
4,1,0.3148043258958113
4,1,0.8399422929731393
4,1,0.3643844534000103
4,1,-0.0217906814579876
4,1,0.0213382782305942
4,1,0.3957465256784196
4,1,-1.1336875952154637
4,1,0.110643840772531
4,1,1.013116332629287
4,1,1.4278015382297784
4,1,1.7466436332536983
4,1,1.1813142606753766
4,1,1.7032084279959914
4,1,1.453779157664174
4,1,1.4071473164568429
4,1,0.7528985100904387
4,1,1.0096264464392948
4,1,0.57360782703408
4,1,0.6694000365048169
4,1,0.0992270822065857
4,1,0.7805462053144149
4,1,0.6983362946879303
4,1,0.7578943454309486
5,0,1.052530177270521
5,0,0.3888735375791243
5,0,0.4020351087870346
5,0,-0.4838411789154074
5,0,-1.2428343839419005
5,0,-2.1962334140384274
5,0,-2.254988543272722
5,0,0.294326360260628
5,0,-0.1135992863429219
5,0,-0.7463917859890122
5,0,-0.7766783017725104
5,0,-1.101208842667914
5,0,-0.9403863228685536
5,0,-0.8905820112432268
5,0,-1.3730042584126356
5,0,-1.397579720280846
5,0,-0.9288843311120022
5,0,-1.2413260820474084
5,0,-0.7863048532859247
5,0,-0.4698980976732063
5,0,-0.3387564307464165
5,0,-0.4939212309531461
5,0,0.0854276020184507
5,0,-0.2284711228404333
5,0,-0.1734716177139903
5,0,-0.3030947881550788
5,0,-0.097716364183581
5,0,0.0014214545146239
5,0,0.4665860800952755
5,0,0.7156589064320985
5,0,0.4018289451036919
5,0,0.6483342826868839
5,0,-0.3449945213102463
5,0,0.0119373519476244
5,0,0.2092764231926994
5,0,-0.7876995206787197
5,0,-1.439541258676186
5,0,-0.3382830351790593
5,0,-0.4225187269971122
5,0,-0.121642279002066
5,0,0.6101762833415564
5,0,1.7510239216007415
5,0,0.3988125282039885
5,0,0.0344572328943315
5,0,-0.4455329390748759
5,0,0.2754361705881201
5,0,0.2990617309220401
5,0,0.7776948821535066
5,0,0.6361261514734361
5,0,0.3665790652993738
5,0,-0.0967544249784675
5,0,-0.5724961691382902
5,0,-0.1535198475651508
5,0,0.2479386330041965
5,0,-0.1419524069441806
5,0,-0.2101974692029838
5,0,1.3362503972807684
5,0,1.820114661569196
5,0,1.8385961016565
5,0,2.0069850639440654
5,0,2.2096028409760806
5,0,1.7756768068627298
5,0,1.6471263451712947
5,0,0.7814021540723337
5,0,0.2206276014763896
5,0,-0.1773744523788542
5,0,-0.1975778115831733
5,0,-0.4332917000096625
5,0,-0.2889195327231868
5,0,-0.4755244152456529
5,0,-2.2511929289100108
5,0,-1.122900540165709
5,0,0.6968234669805328
5,0,1.3237310414313694
5,0,1.008417239069762
5,0,0.9397449879664032
5,0,-0.5673494308484607
5,0,-1.0733429760256816
5,0,0.80036914480349
5,0,1.3396513473964269
5,0,1.76158267051776
5,0,1.6158318141215862
5,0,-0.0173323567082808
5,0,1.114670669772013
5,0,1.4235944491941566
5,0,0.9368228360064726
5,0,0.6302977258120199
5,0,0.0153165772966835
5,0,-0.6386369255685198
5,0,1.1622946913626044
5,0,1.4112768458507914
5,0,1.5525756740631975
5,0,0.5550307038958799
5,0,0.8082752863529343
5,0,0.3317551409890726
5,0,1.3969127305783555
5,0,1.8964444738265556
5,0,1.5480682488160855
5,0,2.173611827115475
5,0,1.823406443451623
5,0,1.6259592715963478
5,0,1.9352951810587984
5,0,1.442848221478701
5,0,0.6141077193757175
5,0,1.294325227092726
5,0,1.1577824903185103
5,0,1.5411336519903127
5,0,1.555941855199501
5,0,2.04955981973867
5,0,1.6422116105528268
5,0,0.3956212863582141
5,0,-0.1452803836263695
5,0,-0.0444157779491012
5,0,-0.1481672167199862
5,1,-1.554441461199414
5,1,-1.1288555211490092
5,1,-2.0521572283248863
5,1,-2.05945813078857
5,1,-1.10411046284891
5,1,-2.1315056355326147
5,1,-1.7663868963517837
5,1,-0.9949325058127142
5,1,-1.6482798791331628
5,1,-2.445958755501846
5,1,-2.669906272097716
5,1,-2.381747182239379
5,1,-1.580023965464295
5,1,-0.4264408023088145
5,1,-0.3172947663602304
5,1,0.0661562080904861
5,1,-0.8410276017171745
5,1,-0.8560912429418834
5,1,-0.9123999755246812
5,1,-0.0718688055977691
5,1,0.1734616255978341
5,1,0.7007922821418022
5,1,0.1989046786236546
5,1,0.2431112448030063
5,1,-0.1036863214544838
5,1,-0.4795998730766832
5,1,-1.271841551818125
5,1,-1.1527300673487104
5,1,-0.4843048401145157
5,1,-0.6034058147196681
5,1,0.0528861318642633
5,1,-1.1493382415175868
5,1,-1.1237996729299915
5,1,-0.821586580929623
5,1,-0.8633420332361823
5,1,-1.2416792649693258
5,1,-1.002321656352094
5,1,-1.3296405680668268
5,1,-0.301744293769848
5,1,-0.3465901809941093
5,1,-0.62136296115016
5,1,-1.4143107513132995
5,1,-1.507790044251392
5,1,-0.8868825515657447
5,1,-0.3629916759176141
5,1,0.0590464852301247
5,1,0.0779984265827562
5,1,-0.0443851739557896
5,1,-0.1004744780912136
5,1,-0.9992404228198152
5,1,-1.5172518796678296
5,1,-1.7496240820313702
5,1,-0.2511186254464467
5,1,-1.3912860055903944
5,1,-1.3067518556215227
5,1,-0.906772925064883
5,1,-1.335671538545587
5,1,-1.4561410818907274
5,1,0.0796359963201338
5,1,-0.5753153310489366
5,1,-0.5951580273467604
5,1,-0.8712450121166877
5,1,-0.8614085824096982
5,1,-1.0361135423672705
5,1,-0.5549756469346552
5,1,0.2806143778944615
5,1,0.6373156537292006
5,1,0.5849294463180815
5,1,0.1217450891087467
5,1,-0.0252797709215959
5,1,-0.6617258124808881
5,1,-0.536011274610078
5,1,-0.3757479962149628
5,1,0.5535006078900786
5,1,-0.3357236896241713
5,1,-0.6952089643133484
5,1,-0.2183462766996978
5,1,-0.376082920444886
5,1,-0.2945187513621265
5,1,-0.7574858484577204
5,1,-0.4707778168036164
5,1,-0.6736992038952386
5,1,-0.0904498339974262
5,1,-0.4738677565110987
5,1,-0.4884159164330912
5,1,-0.2288010513497467
5,1,0.3736460354574205
5,1,0.4402606559327657
5,1,0.1622663137237907
5,1,0.2326482815882279
5,1,0.2173757189080773
5,1,-0.4808809807937751
5,1,-0.7522415122891967
5,1,-1.0167320297201885
5,1,0.3267686722682101
5,1,0.7056496648934912
5,1,0.1972928982901134
5,1,0.6538692380848495
5,1,0.8891219741594386
5,1,0.6354165351120764
5,1,-0.2216965512246296
5,1,0.4344018635613059
5,1,-0.0878269779397191
5,1,-1.5041652444065934
5,1,-1.3062236698871184
5,1,-0.0747365123830771
5,1,-0.870418280053683
5,1,1.2410696343583871
5,1,1.2959482891679166
5,1,1.3303851123125603
5,1,1.5615802962724092
5,1,1.4165108960599648
5,1,0.7101081286134062
5,1,0.5392310230133183
5,1,0.1021819126477042
5,1,0.0691768114957316
5,1,-0.113557287425347
5,1,-0.1858675697782873
5,1,-0.3141085546340052
5,1,0.3972666083769904
5,1,0.5931931358078172
5,1,0.3745528246112691
5,1,-0.2403985504049677
5,1,0.3885696118339065
5,1,-2.0592650117551874
5,1,-1.5191489657727129
5,1,-1.9496779222641023
5,1,-2.2059335142769627
5,1,0.2522355606534089
5,1,-0.2214920703149808
5,1,0.0464647344325503
5,1,-0.2266006704590503
5,1,-0.1549631992412205
5,1,0.1615839529472111
5,1,-0.2965106011973286
5,1,-0.053723331349553
5,1,0.167255080631654
5,1,0.2779377143950216
5,1,1.0248306324897742
5,1,1.272538786270582
5,1,0.4084596451549427
5,1,0.9787973754239518
5,1,0.1821462848348505
5,1,0.1841112758361739
5,1,0.2182492714648274
5,1,-2.0270239403588963
5,1,-1.1783538528473256
6,0,-1.176208223500573
6,0,-0.6614038966337846
6,0,-1.1407636918809274
6,0,-2.234407184331717
6,0,-2.5921063964159248
6,0,-2.7166284409476336
6,0,-1.1745075745756135
6,0,1.300228048160397
6,0,1.6377129923369949
6,0,1.5836452522829492
6,0,1.3102713763900955
6,0,1.396235653576505
6,0,-2.472722311310345
6,0,0.2124589829265009
6,0,-0.2314205540471482
6,0,-0.0876878784159905
6,0,-0.2705300025182893
6,0,-1.3617563914440152
6,0,0.0799154112732639
6,0,0.1283547966425319
6,0,-0.6342624037185388
6,0,-1.4926754303526382
6,0,-2.3199197912436005
6,0,-2.3305055005412703
6,0,-1.4064695696442069
6,0,-0.6710814963316234
6,0,-0.2360373532375375
6,0,-0.2612665890792632
6,0,0.0079035034200569
6,0,0.2418425160182951
6,0,0.4665654697667863
6,0,0.3984654587566231
6,0,0.5818056637514292
6,0,0.6944781226239264
6,0,0.5717686621787427
6,0,0.925675415243517
6,0,1.149311593200315
6,0,1.5501566017055235
6,0,1.3616139936014613
6,0,0.9063584593320314
6,0,1.1977745512294389
6,0,1.0100763868012903
6,0,0.3547604124453469
6,0,1.1199081537121216
6,0,0.5408115093524348
6,0,1.0217151566675606
6,0,1.3120469163535269
6,0,1.1591919549739562
6,0,0.0580665445276542
6,0,0.0799702296664532
6,0,-0.7487263400727169
6,0,-0.5642785768850621
6,0,-0.2358832292717642
6,0,0.3103614037573022
6,0,0.4554552846979349
6,0,-0.2725520697224752
6,0,-0.7026834299331843
6,0,-0.7584561797148089
6,0,-0.6071185838278559
6,0,-1.2547103313242398
6,0,-1.1871996834894454
6,0,-0.0201349478598838
6,0,-0.2156366126797343
6,0,-0.157351142493829
6,0,0.645907358939388
6,0,0.9054232118227546
6,0,0.8488596371531455
6,0,0.5404320313537015
6,0,0.6772829627262286
6,0,0.7631667481036377
6,0,0.3371128348729629
6,0,0.5313441709325136
6,0,0.1647065132778988
6,0,0.4144916769900121
6,0,-0.2218280267438684
6,0,-0.1411498784114232
6,0,-0.1983750399815952
6,0,-0.5708999554985624
6,0,-0.4291778200478498
6,0,-0.1078390056299135
6,0,0.0593139691814455
6,0,0.0864462872104817
6,0,0.6483711147500828
6,0,1.2438513858828286
6,0,1.0952317118442505
6,0,1.0408930174850304
6,0,1.4192995596297742
6,0,1.83778675385296
6,0,1.6049622527883878
6,0,0.6276401738356494
6,0,0.6709165422432544
6,0,0.0712696843341079
6,0,-1.1467670682060902
6,0,-1.80526684064441
6,0,-1.810706962493428
6,0,-1.687087224229031
6,0,-1.1737226794584088
6,0,-0.7787308765662602
6,0,0.1986314492505355
6,0,-0.3908199821040601
6,0,-0.2554557644821975
6,0,0.0431201084700937
6,0,0.4402755987830206
6,0,0.5450411978282325
6,0,-0.2186436043538723
6,0,0.1487514691219571
6,0,0.0417404518023933
6,0,-0.2883579633523673
6,0,-0.4085688340708469
6,0,-0.0509387681801565
6,0,0.3834186426182171
6,0,0.2226695284590677
6,0,0.0674254822455239
6,0,0.6622841270965906
6,0,0.6993485763824475
6,0,0.9962020766559594
6,0,1.4352976522258676
6,0,0.5857516831902657
6,0,0.1008863828341878
6,0,0.7891940027024232
6,0,1.0235061336321702
6,0,1.2099220029862194
6,0,1.1080691792623207
6,0,0.5286652242136602
6,0,-0.9682504308666736
6,0,-1.9259646248787363
6,0,-1.3485403065650594
6,0,-1.0082812881498078
6,0,0.0243270471539683
6,0,-0.6417582421057478
6,0,-0.6527797170854492
6,0,-0.3222952788027342
6,0,0.1850363640309932
6,0,0.16319167283209
6,0,-0.0362798742095951
6,0,1.0834740847148407
6,0,0.6378066966737715
6,0,1.116416951061883
6,0,1.0538306370499158
6,0,0.9195591130194803
6,0,1.1104576146573883
6,0,0.9427351066650118
6,0,0.1110931959764683
6,0,0.0308642300997178
6,0,-0.0877325048191112
6,0,0.4005871823896125
6,0,0.2525875690719104
6,0,0.8606012203681761
6,0,1.0399220313372557
6,0,1.168543338005842
6,0,1.5314759861648717
6,0,0.7942152770948305
6,0,0.6948795516782803
6,0,0.5707071759403362
6,0,0.3134848989416595
6,0,-0.1551040316510749
6,0,-0.0249801303391663
6,0,0.9825946214109104
6,0,0.8278677600759856
6,0,1.4411638848545325
6,0,1.2475189904472743
6,0,0.8437707913207131
6,0,0.391947152025684
6,0,-0.2718019622931283
6,0,-1.583685737822558
6,0,-1.9012219574858933
6,0,-1.393267373599078
6,1,-1.556300887917338
6,1,-1.8483097080074224
6,1,-1.1797771242850008
6,1,-0.5761538717180604
6,1,0.0796170936301889
6,1,-0.6260691271726156
6,1,-1.019996226481063
6,1,-1.3102804060890934
6,1,-1.9610419912496688
6,1,-1.3359584342159183
6,1,-0.8912613264157165
6,1,-0.2769624771303816
6,1,0.176791225240277
6,1,0.2598654473505037
6,1,0.0603889887158195
6,1,-0.1511588305319895
6,1,0.1375225877676152
6,1,-0.2791106076974046
6,1,-1.070881565152104
6,1,-0.8371454269331323
6,1,-1.2174069347648957
6,1,-1.5347942328837496
6,1,-1.4795615983876882
6,1,-1.2861488817693123
6,1,-1.3509638849474033
6,1,-1.0104453704139718
6,1,1.5502608902905954
6,1,1.0385831156349803
6,1,0.7540139772140515
6,1,0.7322029367480657
6,1,-0.5659919057971813
6,1,-0.9041962235745288
6,1,-1.169933656500465
6,1,-0.968392161420062
6,1,-1.2694463228722312
6,1,-0.7584759221985379
6,1,-1.0146051798681357
6,1,-0.7169042364354684
6,1,-0.7543246209353677
6,1,-0.4386337387040249
6,1,-0.1746004936291942
6,1,0.0936779304758003
6,1,0.1295017433785172
6,1,-0.7616436567487262
6,1,-1.306638507910027
6,1,-1.7348407754251436
6,1,-1.7676399143254216
6,1,-1.4608594523689782
6,1,-1.6695704324422924
6,1,-1.135323714674475
6,1,-1.2540437155087565
6,1,-1.3086772466172782
6,1,-1.1385292654878214
6,1,-0.4760784244616137
6,1,-0.3072769172219445
6,1,-0.6910434520491618
6,1,-0.3404976880388873
6,1,0.0335362928627387
6,1,0.5502913094349157
6,1,0.2234578851720084
6,1,-0.3175035025448389
6,1,-0.4015863472695692
6,1,0.0801835795414934
6,1,0.0055809233282915
6,1,0.5141312424067982
6,1,1.314216916899129
6,1,1.238441330958481
6,1,0.8866821941780919
6,1,1.1453055476239835
6,1,-0.1222657443000302
6,1,-1.5219862795999095
6,1,-1.060377732909231
6,1,-0.404009884930434
6,1,0.030643356425966
6,1,0.7404054649034872
6,1,1.6021817857924336
6,1,0.60704461409684
6,1,-0.5228880960479516
6,1,-0.6442766193268075
6,1,-0.8993252369740895
6,1,-1.2745097788229711
6,1,-1.0903913746342917
6,1,-0.7396430900052609
6,1,-0.5462650916252763
6,1,-0.8343995699839128
6,1,-0.7573212295289378
6,1,-0.7648945018495764
6,1,-0.4959899222163819
6,1,-1.6779759871802375
6,1,-1.9341018034226096
6,1,0.8142869456913013
6,1,1.2068884004881628
6,1,0.4027536932910269
6,1,0.348896910788503
6,1,0.1207574032435699
6,1,-0.4311888924325917
6,1,0.5755424541796215
6,1,0.8221547924753374
6,1,1.1669755991278636
6,1,1.1529686767276286
6,1,0.5104140146012783
6,1,0.9957985198533332
6,1,1.672760819051044
6,1,1.8289821493870595
6,1,1.8675911777851373
6,1,1.7761021009844689
6,1,-0.0272915446269774
6,1,-1.8115265159290976
6,1,-1.4775029007543037
6,1,-0.318158020644142
6,1,0.0792775012825996
6,1,0.280200960939946
6,1,0.6221358757964092
6,1,-0.2635497448804865
6,1,0.0397894220027232
6,1,1.4040970833617576
6,1,1.8763069559980257
6,1,1.625922391681912
6,1,1.1860883064184249
6,1,0.7162860809917784
6,1,1.1076467632083886
6,1,0.2664862053362752
6,1,0.4326246475814556
6,1,0.2037236633061444
6,1,1.6287563159674794
6,1,1.8689312111825045
6,1,1.1294950706583753
